country_year,Wave,Year survey,Country/region,Important in a job: good pay,Important in a job: not too much pressure,Important in a job: good job security,Important in a job: a respected job,Important in a job: good hours,Important in a job: an opportunity to use initiative,Important in a job: generous holidays,Important in a job: that you can achieve something,Important in a job: a responsible job,Important in a job: a job that is interesting,Important in a job: a job that meets one´s abilities,number_of_jobs_qs_answered,country_name,total_mentions,normalized Important in a job: good pay,normalized Important in a job: not too much pressure,normalized Important in a job: good job security,normalized Important in a job: a respected job,normalized Important in a job: good hours,normalized Important in a job: an opportunity to use initiative,normalized Important in a job: generous holidays,normalized Important in a job: that you can achieve something,normalized Important in a job: a responsible job,normalized Important in a job: a job that is interesting,normalized Important in a job: a job that meets one´s abilities,normalized total_mentions,normalized achieving_responsible_initiative,normalized hours_holidays_pressure,normalized security_pay,kmeans_labels,agglom_labels,dbscan_labels,kmeans_value_cluster,"GDP per capita, PPP",GINI coefficient,Primary completion rate,Democracy index,"Scaled GDP per capita, PPP",Scaled GINI coefficient,Scaled Primary completion rate,Scaled Democracy index,ordinal_kmeans_label,cell_subs_per_100_pax,life_expectancy_female,primary_employment_male,secondary_employment_male,tertiary_employment_male,region,region_ Asia,region_ South America,region_Africa,region_Asia,region_Europe,region_MENA,region_North America,region_Oceania,region_South America,region_USSR+,country_year
Albania_1998,3.0,1998,8.0,0.994994994994995,0.37237237237237236,0.8538538538538538,0.4174174174174174,0.6106106106106106,0.4264264264264264,0.5335335335335335,0.5215215215215215,0.17317317317317318,0.45845845845845845,0.8888888888888888,11.0,Albania,6.251251251251251,15.91673338670937,5.956765412329864,13.65892714171337,6.677341873498799,9.767814251401122,6.821457165732586,8.534827862289832,8.34267413931145,2.770216172938351,7.333867093674941,14.21937550040032,99.99999999999999,17.93434747798239,24.25940752602082,29.575660528422738,2,0,-1,lifestyle,3209.6153719999998,27.0,92.02439117,5.0,-0.7478985170771645,-1.3707902089653883,0.11012114826790186,0.12979833802533472,-1,0.18042638,76.26899999999999,58.59400177,17.39299965,24.01199913,USSR+,0,0,0,0,0,0,0,0,0,1,Albania_1998
Albania_2002,4.0,2002,8.0,0.952,0.455,0.812,0.645,0.55,0.397,0.483,0.513,0.254,0.411,0.294,11.0,Albania,5.765999999999999,16.510579257717655,7.891085674644469,14.082552896288592,11.18626430801249,9.538674991328481,6.885189039195285,8.376690946930282,8.896982310093653,4.40513354144988,7.12799167533819,5.098855359001041,100.00000000000001,20.18730489073882,25.80645161290323,30.59313215400625,2,0,-1,lifestyle,4754.653697,31.7,96.88066101,7.0,-0.5787656084946883,-0.8135074614894784,0.4610969542557538,0.455150469309328,-1,27.28413234,77.541,50.48899841,21.95299911,27.55699921,USSR+,0,0,0,0,0,0,0,0,0,1,Albania_2002
Algeria_2002,4.0,2002,12.0,0.8978159126365055,0.5951638065522621,0.8634945397815913,0.7199687987519501,0.5117004680187207,0.43525741029641185,0.20514820592823713,0.6029641185647426,0.4641185647425897,0.5655226209048362,0.7012480499219969,11.0,Algeria,6.562402496099844,13.681207654819922,9.069297515749435,13.158207535956256,10.971116129799121,7.797456317603707,6.632592416498276,3.1261143468441692,9.18816117912754,7.072387970997266,8.617615594912635,10.685843337691667,100.0,22.893141566623083,19.992868180197313,26.83941519077618,2,1,0,lifestyle,8911.68068,35.3,87.8434906,-3.0,-0.12370242118467407,-0.3866525910823986,-0.19204388696638877,-1.1716101871106386,-1,1.407230357,72.703,22.30999947,24.98200035,52.70700073,MENA,0,0,0,0,0,1,0,0,0,0,Algeria_2002
Armenia_1997,3.0,1997,51.0,0.935,0.53,0.773,0.698,0.487,0.4565,0.3065,0.6555,0.4275,0.7735,0.662,11.0,Armenia,6.7045,13.945857260049221,7.905138339920949,11.529569691997912,10.410918040122304,7.263778059512267,6.808859721082855,4.571556417331642,9.777015437392796,6.3763144156909535,11.537027369677082,9.873965247222015,100.0,22.962189574166604,19.740472816764857,25.475426952047133,2,1,0,lifestyle,1843.378545,36.2,93.89550018,-6.0,-0.8974583076817136,-0.27993887348062785,0.2453512764347258,-1.6596383840366287,-1,0.159587065,73.21,44.99499893,23.08699989,31.91799927,USSR+,0,0,0,0,0,0,0,0,0,1,Armenia_1997
Azerbaijan_1997,3.0,1997,31.0,0.952047952047952,0.5574425574425574,0.7427572427572428,0.6488511488511488,0.5469530469530469,0.3516483516483517,0.3836163836163836,0.49000999000999,0.44655344655344653,0.8126873126873126,0.7342657342657343,11.0,Azerbaijan,6.666833166833166,14.280362628305987,8.361429534726906,11.141080392597589,9.732524162733199,8.204090806922903,5.27459354161984,5.754102045403462,7.349966284558327,6.698134412227468,12.190005244624261,11.013710946280064,100.0,19.322694238405635,22.319622387053272,25.421443020903574,2,1,0,lifestyle,2634.158631,34.7,99.47010803,-6.0,-0.8108928588963051,-0.4577950694835779,0.6482433206749941,-1.6596383840366287,-1,0.504689257,69.653,42.49200058,15.88700008,41.62200165,USSR+,0,0,0,0,0,0,0,0,0,1,Azerbaijan_1997
Belarus_1990,2.0,1990,112.0,0.8689655172413793,0.5990147783251232,0.3665024630541872,0.4206896551724138,0.5852216748768473,0.3980295566502463,0.5320197044334976,0.42266009852216746,0.26995073891625615,0.7251231527093596,0.4945812807881773,11.0,Belarus,5.682758620689656,15.291262135922329,10.540915395284326,6.449375866851595,7.4029126213592225,10.298196948682383,7.004160887656033,9.361997226074894,7.4375866851594985,4.750346740638002,12.760055478502078,8.703190013869625,100.0,19.19209431345353,30.201109570041606,21.740638002773924,2,1,-1,lifestyle,5399.405575,32.0,94.5044632,0.0,-0.5081856373213818,-0.7779362222888883,0.2893626872094817,-0.6835819901846485,-1,0.0,75.6,26.11700058,46.98099899,26.90299988,USSR+,0,0,0,0,0,0,0,0,0,1,Belarus_1990
Belarus_1996,3.0,1996,112.0,0.8164435946462715,0.18403441682600383,0.5449330783938815,0.3795411089866157,0.3326959847036329,0.2170172084130019,0.27533460803059273,0.31118546845124284,0.16347992351816443,0.5434990439770554,0.39818355640535374,11.0,Belarus,4.166347992351817,19.596145020651672,4.417163836622303,13.079394217530977,9.109683340982102,7.985314364387333,5.2088113813676,6.608536025699861,7.469022487379531,3.9238182652592926,13.044974759063788,9.55713630105553,99.99999999999999,16.60165213400642,19.0110142267095,32.67553923818265,2,0,0,lifestyle,4174.754554,32.0,95.10314941,-7.0,-0.6422462530541527,-0.7779362222888883,0.33263136502425517,-1.8223144496786252,-1,0.064773502,74.3,27.46500015,42.74700165,29.78700066,USSR+,0,0,0,0,0,0,0,0,0,1,Belarus_1996
Bosnia_1998,3.0,1998,914.0,0.9475,0.52625,0.8925,0.61375,0.66875,0.505,0.46625,0.675,0.44625,0.755,0.79125,11.0,Bosnia,7.2875,13.00171526586621,7.221269296740996,12.246998284734135,8.421955403087479,9.176672384219554,6.929674099485421,6.397941680960549,9.262435677530018,6.123499142367067,10.360205831903945,10.85763293310463,100.0,22.315608919382505,22.7958833619211,25.248713550600343,2,1,0,lifestyle,3787.991807,30.0,100.0,0.0,-0.6845845609608244,-1.0150778169594883,0.6865400519903279,-0.6835819901846485,-1,0.671406498,76.238,30.20899963,37.2519989,32.54000092,USSR+,0,0,0,0,0,0,0,0,0,1,Bosnia_1998
Bosnia_2001,4.0,2001,70.0,0.9116666666666666,0.5166666666666667,0.9033333333333333,0.5416666666666666,0.5916666666666667,0.4625,0.41833333333333333,0.6616666666666666,0.4575,0.71,0.7416666666666667,11.0,Bosnia,6.916666666666666,13.180722891566266,7.469879518072291,13.060240963855424,7.83132530120482,8.55421686746988,6.686746987951809,6.048192771084338,9.566265060240964,6.614457831325302,10.265060240963855,10.72289156626506,100.00000000000001,22.867469879518076,22.072289156626507,26.24096385542169,2,1,0,lifestyle,4735.17318,30.0,100.0,0.0,-0.5808981099657443,-1.0150778169594883,0.6865400519903279,-0.6835819901846485,-1,11.79203157,77.15100000000001,24.68099976,35.64799881,39.67100143,USSR+,0,0,0,0,0,0,0,0,0,1,Bosnia_2001
Bulgaria_1997,3.0,1997,100.0,0.9384328358208955,0.3162313432835821,0.7994402985074627,0.5485074626865671,0.5447761194029851,0.38992537313432835,0.3125,0.5802238805970149,0.32742537313432835,0.5867537313432836,0.7369402985074627,11.0,Bulgaria,6.081156716417911,15.431814695505444,5.200184077312471,13.14618806565424,9.019788311090657,8.958429206933578,6.412026384414787,5.138824973155391,9.541340696425832,5.384261389783709,9.64871912870072,12.118423071023162,99.99999999999999,21.337628470624328,19.297438257401442,28.578002761159684,2,0,0,lifestyle,5686.062281,30.7,94.48644257,8.0,-0.47680577983438266,-0.9320782588247783,0.28806028735382166,0.6178265349513247,-1,0.852439548,73.87,19.02499962,36.58900070000001,44.38600159,USSR+,0,0,0,0,0,0,0,0,0,1,Bulgaria_1997
China_1990,2.0,1990,156.0,0.678,0.3,0.437,0.468,0.368,0.52,0.15,0.376,0.223,0.339,0.657,11.0,China,4.516,15.013286093888398,6.643046944198405,9.676705048715679,10.363153232949514,8.148804251550045,11.514614703277237,3.3215234720992024,8.325952170062003,4.937998228520815,7.506643046944199,14.54827280779451,100.0,24.778565101860053,18.11337466784765,24.68999114260408,2,2,0,lifestyle,986.5683762,42.8,102.6747513,-7.0,-0.9912519654877012,0.5026283889323515,0.879851590324152,-1.8223144496786252,-1,0.001562461,71.002,54.47100067,23.08699989,22.44199944,Asia,0,0,0,1,0,0,0,0,0,0,China_1990
China_1995,3.0,1995,156.0,0.7613333333333333,0.3626666666666667,0.6806666666666666,0.556,0.4573333333333333,0.4066666666666667,0.14533333333333334,0.49666666666666665,0.25866666666666666,0.42,0.6346666666666667,11.0,China,5.180000000000001,14.697554697554697,7.001287001287001,13.140283140283138,10.733590733590734,8.828828828828827,7.85070785070785,2.8056628056628057,9.588159588159586,4.993564993564993,8.108108108108107,12.252252252252251,99.99999999999999,22.432432432432428,18.635778635778635,27.837837837837835,2,0,0,lifestyle,1869.46632,42.8,96.96829987,-7.0,-0.8946025200984541,0.5026283889323515,0.4674308526052648,-1.8223144496786252,-1,0.29267545100000003,72.06,47.58599854,25.93600082,26.47699928,Asia,0,0,0,1,0,0,0,0,0,0,China_1995
China_2001,4.0,2001,156.0,0.65,0.274,0.677,0.581,0.33,0.336,0.111,0.307,0.224,0.178,0.585,11.0,China,4.253,15.283329414530918,6.44251116858688,15.918175405596049,13.66094521514225,7.759228779684929,7.900305666588291,2.609922407712203,7.218434046555372,5.266870444392194,4.185280978133083,13.754996473077826,100.0,20.385610157535858,16.811662355984012,31.201504820126967,2,0,-1,lifestyle,3226.8484559999997,42.8,89.8559494,-7.0,-0.7460120385519369,0.5026283889323515,-0.046598025715122816,-1.8223144496786252,-1,11.21820253,74.079,39.78099823,26.41300011,33.80500031,Asia,0,0,0,1,0,0,0,0,0,0,China_2001
Croatia_1996,3.0,1996,191.0,0.8269230769230769,0.387123745819398,0.7107023411371237,0.2600334448160535,0.46237458193979936,0.43394648829431437,0.16806020066889632,0.5493311036789298,0.2399665551839465,0.6847826086956522,0.6304347826086957,11.0,Croatia,5.353678929765886,15.445884741527408,7.230985475558333,13.275027330938624,4.857098235202249,8.636576604716542,8.105575511478994,3.1391535217866626,10.260815242854912,4.482273934093394,12.790879275339687,11.775730126503204,100.00000000000001,22.8486646884273,19.006715602061536,28.72091207246603,2,0,0,lifestyle,8793.09309,22.8,84.7379303,-5.0,-0.13668401762402843,-1.8687875577736484,-0.41649116136586367,-1.496962318394632,-1,1.4195541880000002,76.76,18.89999962,35.33200073,45.76900101,USSR+,0,0,0,0,0,0,0,0,0,1,Croatia_1996
Czech Rep._1998,3.0,1998,203.0,0.8657367044463818,0.46207497820401044,0.7558849171752398,0.23278116826503922,0.5370531822144725,0.44115082824760243,0.22929380993897122,0.4873583260680035,0.34960767218831734,0.6320836965998257,0.7000871839581517,11.0,Czech Rep.,5.693112467306015,15.206738131699849,8.116385911179174,13.277182235834612,4.088820826952526,9.433384379785604,7.748851454823891,4.027565084226646,8.560490045941807,6.1408882082695255,11.102603369065852,12.297090352220522,100.0,22.45022970903522,21.577335375191424,28.48392036753446,2,0,0,lifestyle,14894.233540000001,25.8,108.6319885,10.0,0.5311982046365085,-1.5130751657677481,1.3103972965180277,0.943178666235318,-1,9.352226689,78.1,6.635000229,51.15000153,42.21500015,USSR+,0,0,0,0,0,0,0,0,0,1,Czech Rep._1998
Estonia_1996,3.0,1996,233.0,0.89128305582762,0.20763956904995104,0.761998041136141,0.3672869735553379,0.24779627815866798,0.3574926542605289,0.3525954946131244,0.5484818805093046,0.2566111655239961,0.7698334965719883,0.6660137120470128,11.0,Estonia,5.427032321253673,16.4230283342357,3.826024183360404,14.040786861577331,6.7677314564158095,4.5659628225952,6.587258617578054,6.497022198159177,10.106478974914275,4.728388377549178,14.185165132647537,12.272153040967334,100.00000000000001,21.422125970041506,14.889009204114782,30.46381519581303,2,0,-1,lifestyle,6824.020302,39.5,90.8167572,6.0,-0.3522353100782435,0.11134475772586183,0.02284216256000285,0.2924744036673314,-1,4.902182071,75.4,12.088000300000001,41.43799973,46.47499847,USSR+,0,0,0,0,0,0,0,0,0,1,Estonia_1996
Georgia_1996,3.0,1996,268.0,0.9262948207171314,0.301792828685259,0.6499003984063745,0.43774900398406374,0.2554780876494024,0.20318725099601595,0.13745019920318724,0.4506972111553785,0.2783864541832669,0.647410358565737,0.46563745019920316,11.0,Georgia,4.75398406374502,19.484600879949713,6.34820867379007,13.670647391577623,9.208045254556882,5.373978629792584,4.274041483343809,2.8912633563796355,9.48041064320134,5.855855855855855,13.61826943222292,9.794678399329563,100.0,19.610307982401004,14.61345065996229,33.155248271527334,2,0,-1,lifestyle,1942.8639679999999,37.1,84.60301208,5.0,-0.8865677953356539,-0.17322515587885803,-0.4262420674248539,0.12979833802533472,-1,0.046506305,74.328,50.14099884,14.13799953,35.72100067,USSR+,0,0,0,0,0,0,0,0,0,1,Georgia_1996
Hungary_1998,3.0,1998,348.0,0.8784615384615385,0.48615384615384616,0.86,0.21076923076923076,0.5292307692307693,0.22153846153846155,0.23384615384615384,0.5923076923076923,0.26461538461538464,0.5861538461538461,0.7492307692307693,11.0,Hungary,5.612307692307692,15.652412280701755,8.662280701754387,15.323464912280702,3.7554824561403506,9.429824561403509,3.9473684210526314,4.166666666666666,10.553728070175438,4.714912280701754,10.444078947368421,13.349780701754385,100.0,19.216008771929822,22.25877192982456,30.97587719298246,2,0,0,lifestyle,10403.0311,27.9,98.43993378,10.0,0.03955335711473966,-1.2640764913636184,0.5737898307301927,0.943178666235318,-1,10.40991153,75.186,10.70899963,42.65999985,46.63100052,USSR+,0,0,0,0,0,0,0,0,0,1,Hungary_1998
Latvia_1996,3.0,1996,428.0,0.8975,0.3433333333333333,0.7558333333333334,0.405,0.46166666666666667,0.3625,0.3016666666666667,0.4216666666666667,0.25416666666666665,0.7925,0.68,11.0,Latvia,5.675833333333333,15.81265599765086,6.049038320364117,13.316693583908384,7.135516076934372,8.133901042431361,6.3867273528116275,5.314931728086919,7.429158713845251,4.478050212890912,13.962707385112319,11.980619585963883,100.0,18.29393627954779,19.4978710908824,29.129349581559243,2,0,0,lifestyle,5795.206319,31.6,73.01529694,8.0,-0.4648579541379707,-0.8253645412230081,-1.2637177009491924,0.6178265349513247,-1,1.149738283,74.8,20.56100082,33.93999863,45.49900055,USSR+,0,0,0,0,0,0,0,0,0,1,Latvia_1996
Lithuania_1997,3.0,1997,440.0,0.9524281466798811,0.5094152626362736,0.8681863230921705,0.3518334985133796,0.6650148662041625,0.4360753221010902,0.44202180376610506,0.6045589692765114,0.3676907829534192,0.8265609514370664,0.7998017839444995,11.0,Lithuania,6.823587710604558,13.957879448075527,7.465504720406682,12.723311546840959,5.156136528685549,9.745824255628179,6.390704429920118,6.477850399419028,8.859840232389253,5.388525780682643,12.113289760348586,11.721132897603487,99.99999999999999,20.639070442992015,23.689179375453886,26.681190994916484,2,1,0,lifestyle,7066.708804999999,33.6,99.32897186,10.0,-0.325668582426412,-0.588222946552408,0.6380430264879248,0.943178666235318,-1,4.618475803,76.62,23.18400002,34.96300125,41.85300064,USSR+,0,0,0,0,0,0,0,0,0,1,Lithuania_1997
Macedonia_1998,3.0,1998,807.0,0.9336683417085427,0.49748743718592964,0.8964824120603015,0.5236180904522613,0.5608040201005026,0.46733668341708545,0.25326633165829143,0.578894472361809,0.49447236180904525,0.699497487437186,0.6733668341708543,11.0,Macedonia,6.578894472361808,14.1918728994806,7.561869844179653,13.626642224259092,7.95905896730828,8.52428964252979,7.103574702108159,3.84967919340055,8.799266727772686,7.516040329972504,10.632447296058665,10.235258172930035,100.0,23.41888175985335,19.935838680109995,27.818515123739694,2,0,0,lifestyle,5163.575643,40.2,100.07118990000001,6.0,-0.5340015680232739,0.1943443158605722,0.6916851393421248,0.2924744036673314,-1,1.495335371,75.214,21.99399948,41.89699936,36.10900116,USSR+,0,0,0,0,0,0,0,0,0,1,Macedonia_1998
Macedonia_2001,4.0,2001,807.0,0.8928909952606635,0.3222748815165877,0.8559241706161137,0.43033175355450237,0.4777251184834123,0.29289099526066353,0.15829383886255924,0.5023696682464455,0.38388625592417064,0.5194312796208531,0.42369668246445497,11.0,Macedonia,5.259715639810426,16.976031717426565,6.127230131555236,16.273202378806996,8.18165435213552,9.082717606775995,5.568570913678141,3.0095512704991894,9.551270499189043,7.298612362587854,9.875653270859615,8.055505496485853,100.00000000000001,22.41845377545504,18.21949900883042,33.249234096233565,2,0,-1,lifestyle,6033.871851,40.2,94.85040283,6.0,-0.4387316147764251,0.1943443158605722,0.31436468348701674,0.2924744036673314,-1,10.92962647,76.042,22.91200066,35.95199966,41.13600159,USSR+,0,0,0,0,0,0,0,0,0,1,Macedonia_2001
Moldova_1996,3.0,1996,498.0,0.9308943089430894,0.3648373983739837,0.8272357723577236,0.5884146341463414,0.49085365853658536,0.34146341463414637,0.3800813008130081,0.5050813008130082,0.29471544715447157,0.6595528455284553,0.6707317073170732,11.0,Moldova,6.053861788617886,15.376867550780595,6.026523417827765,13.664596273291925,9.719657545744502,8.108108108108109,5.64042303172738,6.278328017458453,8.343125734430084,4.868222259526608,10.894745677354372,11.07940238375021,99.99999999999999,18.851771025684073,20.412959543394326,29.041463824072522,2,0,0,lifestyle,1824.2697649999998,36.9,95.01312256,7.0,-0.8995501156896882,-0.19693931534591835,0.3261248801541109,0.455150469309328,-1,0.021322456,70.594,50.23799896,21.481000899999998,28.28100014,USSR+,0,0,0,0,0,0,0,0,0,1,Moldova_1996
Moldova_2002,4.0,2002,498.0,0.8611111111111112,0.4861111111111111,0.8621031746031746,0.7013888888888888,0.5714285714285714,0.4771825396825397,0.3888888888888889,0.6418650793650794,0.42063492063492064,0.7440476190476191,0.7956349206349206,11.0,Moldova,6.950396825396826,12.389380530973451,6.994005138452754,12.403654010847845,10.091350271196116,8.221524407650584,6.865543819583214,5.595204110762204,9.234941478732516,6.0519554667427915,10.705109905795032,11.447330859263486,100.0,22.152440765058522,20.81073365686554,24.793034541821296,2,1,0,lifestyle,2195.14622,35.8,97.14170074,8.0,-0.8589508551121825,-0.32736719241474854,0.4799630042591869,0.6178265349513247,-1,8.098063121000001,71.301,50.68000031,18.42499924,30.89500046,USSR+,0,0,0,0,0,0,0,0,0,1,Moldova_2002
Russia_1990,2.0,1990,643.0,0.8266190719020907,0.19122896481387047,0.3819479857215706,0.3997960224375319,0.4625191228964814,0.28505864354920957,0.4273329933707292,0.2763895971443141,0.20550739418663946,0.6685364609892912,0.5436002039775625,11.0,Russia,4.668536460989292,17.706171490988527,4.09612233752048,8.181321682140906,8.563626433642817,9.907154560349534,6.105953031130529,9.153468050245767,5.9202621518296,4.401966138722009,14.320043691971598,11.643910431458218,99.99999999999999,16.42818132168214,23.156744948115783,25.887493173129435,2,1,0,lifestyle,8012.802317000001,48.4,94.03520966,0.0,-0.22210121785921264,1.1666248540100317,0.2554484598620673,-0.6835819901846485,-1,0.0,74.3,13.56499958,42.30899811,44.1269989,USSR+,0,0,0,0,0,0,0,0,0,1,Russia_1990
Russia_1995,3.0,1995,643.0,0.9049019607843137,0.18725490196078431,0.6593137254901961,0.5151960784313725,0.45441176470588235,0.2823529411764706,0.3333333333333333,0.3990196078431373,0.25,0.7176470588235294,0.5681372549019608,11.0,Russia,5.27156862745098,17.165705783894364,3.5521666356704484,12.506974149153805,9.773107680862934,8.620048354100799,5.356146550120886,6.323228566114934,7.569276548261112,4.7424214245862,13.613539148223916,10.777385159010601,100.00000000000001,17.6678445229682,18.495443555886183,29.67267993304817,2,0,0,lifestyle,5611.658378,48.4,92.08796692,3.0,-0.4849506577449539,1.1666248540100317,0.11471594032697154,-0.19555379325865857,-1,0.059698357,71.59,15.83699989,36.65000153,47.51399994,USSR+,0,0,0,0,0,0,0,0,0,1,Russia_1995
Slovakia_1998,3.0,1998,703.0,0.9059360730593607,0.54337899543379,0.7589041095890411,0.21187214611872146,0.5552511415525114,0.36164383561643837,0.2694063926940639,0.4949771689497717,0.3881278538812785,0.5917808219178082,0.7141552511415525,11.0,Slovakia,5.795433789954338,15.631894106523795,9.375984872360542,13.09486290576741,3.6558462023321776,9.580838323353293,6.240151276394579,4.648597541758588,8.540813110620862,6.6971320516861,10.21115663410022,12.322722975102426,99.99999999999999,21.47809643870154,23.60542073747242,28.726757012291205,2,0,-1,lifestyle,10604.53569,25.8,98.03057098,8.0,0.06161174676628402,-1.5130751657677481,0.5442040697644372,0.6178265349513247,-1,8.625432649,76.7,10.38000011,49.52500153,40.09400177,USSR+,0,0,0,0,0,0,0,0,0,1,Slovakia_1998
Spain_1990,2.0,1990,724.0,0.7423841059602649,0.3841059602649007,0.6788079470198676,0.371523178807947,0.4291390728476821,0.3754966887417219,0.31589403973509933,0.39536423841059604,0.3258278145695364,0.4675496688741722,0.4543046357615894,11.0,Spain,4.940397350993377,15.026809651474531,7.774798927613942,13.739946380697052,7.520107238605898,8.68632707774799,7.600536193029492,6.394101876675603,8.002680965147453,6.595174262734585,9.463806970509383,9.195710455764075,100.0,22.19839142091153,22.855227882037532,28.766756032171585,2,0,0,lifestyle,13634.442319999998,31.8,99.72859192,10.0,0.39329084674280274,-0.8016503817559482,0.6669246531825845,0.943178666235318,-1,0.13916414300000002,80.51,11.20100021,41.26900101,47.52999878,Europe,0,0,0,0,1,0,0,0,0,0,Spain_1990
Spain_1995,3.0,1995,724.0,0.7605284888521883,0.23451692815854666,0.634186622625929,0.48224607762180016,0.36911643270024774,0.36829066886870354,0.19240297274979357,0.37985136251032203,0.3542526837324525,0.48224607762180016,0.6424442609413707,11.0,Spain,4.900082576383155,15.520728008088977,4.78597910347152,12.942366026289179,9.84159083249073,7.532861476238624,7.516009437141894,3.926525109538254,7.751937984496123,7.229524772497471,9.84159083249073,13.110886417256488,100.0,22.497472194135486,16.2453656892484,28.463094034378155,2,2,0,lifestyle,16217.143909999999,31.8,101.8171005,10.0,0.6760151163283393,-0.8016503817559482,0.8178668385076988,0.943178666235318,-1,2.368872407,81.73,9.949000359,38.56700134,51.48400116,Europe,0,0,0,0,1,0,0,0,0,0,Spain_1995
Spain_2000,4.0,2000,724.0,0.8461538461538461,0.3970223325062035,0.7535153019023987,0.6311000827129859,0.5343258891645989,0.4292803970223325,0.4011579818031431,0.48883374689826303,0.4152191894127378,0.5740281224152192,0.6542597187758478,11.0,Spain,6.1248966087675765,13.814989871708306,6.482106684672519,12.302498311951386,10.303848750844024,8.7238352464551,7.00877785280216,6.549628629304524,7.981093855503038,6.779203241053342,9.37204591492235,10.681971640783255,100.0,21.76907494935854,21.755570560432144,26.11748818365969,2,1,0,lifestyle,21530.474680000003,31.8,101.8171005,10.0,1.257657055463324,-0.8016503817559482,0.8178668385076988,0.943178666235318,-1,59.32239009,82.5,7.789000034,40.22100067,51.99000168,Europe,0,0,0,0,1,0,0,0,0,0,Spain_2000
Ukraine_1996,3.0,1996,804.0,0.9142653859836357,0.2390608324439701,0.7175382426182854,0.5080042689434365,0.44112415510494485,0.2835289932408396,0.34863038064745644,0.4069726076129491,0.2696549270722163,0.6581287797936677,0.5033795802205621,11.0,Ukraine,5.2902881536819635,17.28195817362652,4.518862215049426,13.563311142492102,9.60258220698003,8.3383767063412,5.359424383027369,6.590007396947079,7.692824961334141,5.09716898661825,12.440320086073566,9.515163741510323,100.0,18.14941833097976,19.447246318337704,30.845269316118625,2,0,0,lifestyle,3410.956522,35.2,95.17018127,7.0,-0.7258580189446403,-0.39850967081592786,0.33747593953627714,0.455150469309328,-1,0.059309100999999996,72.65,21.13100052,42.99900055,35.86999893,USSR+,0,0,0,0,0,0,0,0,0,1,Ukraine_1996
Zimbabwe_2001,4.0,2001,716.0,0.8662674650698603,0.26646706586826346,0.7914171656686627,0.36926147704590817,0.5169660678642715,0.3223552894211577,0.36826347305389223,0.5898203592814372,0.3972055888223553,0.5349301397205589,0.530938123752495,11.0,Zimbabwe,5.553892215568862,15.597484276729562,4.797843665768195,14.249775381850855,6.648697214734951,9.308176100628932,5.804132973944296,6.630727762803236,10.619946091644207,7.151841868823001,9.631626235399821,9.559748427672957,100.00000000000001,23.575920934411503,20.736747529200365,29.847259658580416,2,0,0,lifestyle,2099.841097,43.2,92.6124115,-4.0,-0.8693837566104677,0.5500567078664722,0.15261897397747776,-1.3342862527526353,-1,2.539202736,45.985,55.88199997,17.32500076,26.79299927,Africa,0,0,1,0,0,0,0,0,0,0,Zimbabwe_2001
Argentina_1991,2.0,1991,32.0,0.8403193612774451,0.40718562874251496,0.6327345309381237,0.4281437125748503,0.4351297405189621,0.5469061876247505,0.2994011976047904,0.501996007984032,0.5818363273453094,0.5069860279441117,0.5848303393213573,11.0,Argentina,5.765469061876247,14.575038947550635,7.062489181235937,10.974554266920547,7.4259996537995505,7.547169811320756,9.485892331660033,5.1930067509087765,8.706941319023716,10.091743119266058,8.793491431538863,10.143673186775144,100.00000000000001,28.28457676994981,19.802665743465468,25.54959321447118,0,1,0,balanced,8024.592354,46.8,78.63938141,7.0,-0.22081058110422797,0.9769115782735516,-0.8572498470537399,0.455150469309328,0,0.075315002,75.426,0.47099998600000004,41.11000061,58.42100143,South America,0,0,0,0,0,0,0,0,1,0,Argentina_1991
Argentina_1999,4.0,1999,32.0,0.753125,0.32734375,0.69453125,0.31640625,0.4234375,0.40390625,0.20625,0.475,0.4015625,0.3953125,0.503125,11.0,Argentina,4.9,15.369897959183673,6.68048469387755,14.174107142857142,6.457270408163265,8.641581632653061,8.24298469387755,4.209183673469387,9.693877551020407,8.195153061224488,8.067602040816327,10.267857142857142,99.99999999999999,26.132015306122447,19.531249999999996,29.544005102040813,0,0,0,balanced,11769.14997,49.8,98.21764374,8.0,0.18910023515254218,1.3326239702794516,0.5577243260274983,0.6178265349513247,0,10.50224257,77.313,1.090000033,32.2519989,66.65799713,South America,0,0,0,0,0,0,0,0,1,0,Argentina_1999
Chile_1990,2.0,1990,152.0,0.7733333333333333,0.4573333333333333,0.6873333333333334,0.5946666666666667,0.47733333333333333,0.5526666666666666,0.22666666666666666,0.584,0.522,0.5026666666666667,0.5866666666666667,11.0,Chile,5.964666666666667,12.965239745165977,7.667374538951603,11.523415670057002,9.969822286800044,8.002682463395551,9.265675645467754,3.800156477031407,9.79099139376327,8.751536827987035,8.427405834357886,9.835699117022465,100.0,27.80820386721806,19.47021347937856,24.48865541522298,0,2,0,balanced,4507.1147439999995,57.2,97.12236786,8.0,-0.6058633072578248,2.2100478705606723,0.47856576453330113,0.6178265349513247,0,0.105126576,76.661,24.76199913,31.31699944,43.92100143,South America,0,0,0,0,0,0,0,0,1,0,Chile_1990
Chile_1996,3.0,1996,152.0,0.831,0.423,0.7,0.506,0.514,0.462,0.24,0.621,0.405,0.52,0.674,11.0,Chile,5.896,14.09430122116689,7.174355495251017,11.87245590230665,8.582089552238806,8.717774762550883,7.835820895522389,4.07055630936228,10.532564450474899,6.869063772048848,8.819538670284938,11.431478968792403,100.0,25.237449118046136,19.96268656716418,25.966757123473542,0,1,0,balanced,8028.911405,54.9,97.12236786,8.0,-0.22033778140332347,1.937335036689482,0.47856576453330113,0.6178265349513247,0,2.203599353,78.598,20.12999916,32.04499817,47.82500076,South America,0,0,0,0,0,0,0,0,1,0,Chile_1996
Chile_2000,4.0,2000,152.0,0.8508333333333333,0.4041666666666667,0.7341666666666666,0.5483333333333333,0.5108333333333334,0.47833333333333333,0.31333333333333335,0.6341666666666667,0.4375,0.5758333333333333,0.6583333333333333,11.0,Chile,6.145833333333333,13.84406779661017,6.576271186440678,11.945762711864406,8.922033898305086,8.311864406779662,7.783050847457627,5.098305084745763,10.31864406779661,7.118644067796611,9.36949152542373,10.711864406779661,100.0,25.220338983050848,19.986440677966105,25.789830508474576,0,1,0,balanced,9571.978941,52.8,97.12236786,9.0,-0.05142061198432238,1.6883363622853516,0.47856576453330113,0.7805026005933213,0,22.28644319,79.723,19.29599953,28.89999962,51.80400085,South America,0,0,0,0,0,0,0,0,1,0,Chile_2000
Czech Rep._1991,2.0,1991,203.0,0.8181818181818182,0.5422077922077922,0.6937229437229437,0.33874458874458874,0.5670995670995671,0.5627705627705628,0.3647186147186147,0.4696969696969697,0.45346320346320346,0.7002164502164502,0.7976190476190477,11.0,Czech Rep.,6.308441558441559,12.969634585692228,8.594956253216674,10.996740435752272,5.369703208097444,8.989535083204665,8.920912677989364,5.78143763938926,7.445530965860353,7.188196946302967,11.099674043575227,12.643678160919539,100.0,23.554640590152683,23.365928975810597,23.9663750214445,0,1,0,balanced,11595.70126,26.6,96.68615723,8.0,0.17011307843448567,-1.418218527899508,0.44703963800226065,0.6178265349513247,0,0.012003769,75.75,8.411000252000001,56.09500122,35.49399948,USSR+,0,0,0,0,0,0,0,0,0,1,Czech Rep._1991
Egypt_2001,4.0,2001,818.0,0.848,0.6616666666666666,0.8066666666666666,0.8446666666666667,0.694,0.45366666666666666,0.129,0.7073333333333334,0.732,0.4663333333333333,0.8523333333333334,11.0,Egypt,7.195666666666666,11.784870523926438,9.195349052670588,11.210450734238199,11.738546347338676,9.644693565571872,6.3047204335942935,1.792745633946357,9.829990271922918,10.17278917867235,6.480752304627786,11.84509195349053,99.99999999999999,26.307499884189564,20.632788252188817,22.995321258164637,0,1,0,balanced,6086.4197380000005,32.8,86.25206757,-6.0,-0.4329792804657708,-0.6830795844206485,-0.30706035001817844,-1.6596383840366287,0,3.9223922860000004,71.23899999999999,27.76300049,23.86100006,48.37599945,MENA,0,0,0,0,0,1,0,0,0,0,Egypt_2001
India_1990,2.0,1990,356.0,0.8684,0.4836,0.744,0.5868,0.5508,0.5356,0.2772,0.6072,0.6452,0.6424,0.6704,11.0,India,6.611599999999999,13.134490894790973,7.314417085123118,11.252949361727874,8.875310061104726,8.3308125113437,8.100913545889043,4.192631133159901,9.183858672635974,9.758606086272613,9.716256276846755,10.139754371105331,100.0,27.043378304797628,19.83786072962672,24.387440256518847,0,2,0,balanced,1134.222274,35.1,64.59665679999999,8.0,-0.9750885261772533,-0.41036675054945804,-1.8721556802642356,0.6178265349513247,0,0.0,58.261,58.72700119,16.17200089,25.10099983,Asia,0,0,0,1,0,0,0,0,0,0,India_1990
India_1995,3.0,1995,356.0,0.9470588235294117,0.3681372549019608,0.8901960784313725,0.6637254901960784,0.5397058823529411,0.46519607843137256,0.37254901960784315,0.609313725490196,0.6784313725490196,0.46911764705882353,0.753921568627451,11.0,India,6.75735294117647,14.015233949945593,5.447950671019224,13.17373957199855,9.822270583968082,7.986942328618063,6.884294523032282,5.5132390279289085,9.017047515415307,10.039898440333697,6.9423286180631125,11.157054769677185,100.00000000000001,25.941240478781285,18.948132027566196,27.188973521944142,0,0,0,balanced,1485.02944,35.1,71.9030838,9.0,-0.9366862190130245,-0.41036675054945804,-1.344100364207826,0.7805026005933213,0,0.007983485,61.086000000000006,56.09999847,17.61700058,26.28300095,Asia,0,0,0,1,0,0,0,0,0,0,India_1995
India_2001,4.0,2001,356.0,0.919080919080919,0.5409590409590409,0.906093906093906,0.7717282717282717,0.6553446553446554,0.6353646353646354,0.5594405594405595,0.6893106893106893,0.7337662337662337,0.7447552447552448,0.7667332667332667,11.0,India,7.922577422577423,11.600781791816402,6.828068848118024,11.436857701279868,9.740873841498013,8.271861799382132,8.019670890864385,7.061345438496942,8.700586343862303,9.261711115314291,9.400416114999054,9.677826114368576,99.99999999999997,25.98196835004098,22.161276085997095,23.037639493096272,0,1,0,balanced,2083.82455,35.1,72.45529938,9.0,-0.871137062749044,-0.41036675054945804,-1.3041902449897498,0.7805026005933213,0,0.610371924,63.841,54.5890007,17.69199944,27.71999931,Asia,0,0,0,1,0,0,0,0,0,0,India_2001
Indonesia_2001,4.0,2001,360.0,0.971,0.853,0.962,0.875,0.868,0.84,0.301,0.879,0.958,0.818,0.938,11.0,Indonesia,9.263,10.482565043722335,9.208679693403866,10.385404296664147,9.446183741768326,9.37061427183418,9.068336392097592,3.249487207168304,9.489366296016408,10.342221742416063,8.830832343733132,10.126308971175645,99.99999999999999,28.899924430530064,21.82878117240635,20.86796934038648,0,1,0,balanced,4810.755645,39.5,93.7585907,6.0,-0.5726242167318769,0.11134475772586183,0.23545645660931475,0.2924744036673314,0,3.039976383,68.23100000000001,43.37900162,20.31800079,36.30400085, Asia,1,0,0,0,0,0,0,0,0,0,Indonesia_2001
Iran_2000,4.0,2000,364.0,0.8021327014218009,0.5260663507109005,0.7713270142180095,0.6097946287519748,0.5450236966824644,0.49881516587677727,0.37480252764612954,0.5252764612954186,0.5750394944707741,0.5651658767772512,0.6686413902053713,11.0,Iran,6.462085308056872,12.412907957462412,8.140814081408141,11.936193619361937,9.436499205476103,8.434176751008435,7.71910524385772,5.800024446889133,8.128590636841462,8.898667644542233,8.745874587458747,10.347145825693682,100.0,24.746363525241414,22.37501527930571,24.34910157682435,0,1,0,balanced,10411.54924,44.1,91.7114563,3.0,0.04048582446561444,0.656770425468242,0.0875044956026628,-0.19555379325865857,0,1.455569354,71.116,23.89699936,30.1760006,45.9280014,MENA,0,0,0,0,0,1,0,0,0,0,Iran_2000
Japan_1990,2.0,1990,392.0,0.7833827893175074,0.42136498516320475,0.5776458951533135,0.258160237388724,0.5539070227497527,0.34322453016815035,0.5182987141444114,0.47477744807121663,0.4826904055390702,0.3639960435212661,0.7072205736894164,11.0,Japan,5.484668644906034,14.283137962128043,7.682596934174933,10.532010820559062,4.706943192064923,10.099188458070332,6.257889990982868,9.44995491433724,8.656447249774573,8.800721370604148,6.636609558160505,12.89449954914337,100.0,23.715058611361588,27.231740306582502,24.815148782687103,0,1,-1,balanced,19436.52122,32.1,102.2158966,10.0,1.0284352728087478,-0.7660791425553581,0.8466889153761274,0.943178666235318,0,0.697164268,81.91,6.013000011,39.27399826,54.7140007,Asia,0,0,0,1,0,0,0,0,0,0,Japan_1990
Japan_1995,3.0,1995,392.0,0.8633776091081594,0.6963946869070209,0.8121442125237192,0.4278937381404175,0.7599620493358634,0.540796963946869,0.7609108159392789,0.6963946869070209,0.7058823529411765,0.6328273244781784,0.9184060721062619,11.0,Japan,7.814990512333965,11.047711545465583,8.911011290518394,10.39213305815224,5.475294403302174,9.724414228481244,6.919995143863058,9.736554570838898,8.911011290518394,9.032414714094939,8.097608352555543,11.751851402209544,100.0,24.86342114847639,28.371980089838537,21.43984460361782,0,1,-1,balanced,23403.22482,32.1,97.24095154,10.0,1.4626640595623575,-0.7660791425553581,0.4871361290386239,0.943178666235318,0,9.26773002,82.84,5.173999786,39.48099899,55.34500122,Asia,0,0,0,1,0,0,0,0,0,0,Japan_1995
Japan_2000,4.0,2000,392.0,0.8303964757709251,0.6908957415565345,0.8032305433186491,0.36930983847283405,0.7158590308370044,0.4977973568281938,0.7063142437591777,0.6967694566813509,0.6688693098384728,0.6372980910425844,0.8964757709251101,11.0,Japan,7.513215859030837,11.052477279390208,9.19573927489495,10.690901983777973,4.915469559269031,9.52799765464673,6.6256229844620345,9.400957685918108,9.273917717189484,8.902570116290432,8.482360988957293,11.931984755203752,100.00000000000001,24.80211081794195,28.124694615459788,21.74337926316818,0,1,-1,balanced,26838.86865,32.1,98.52600861,10.0,1.838758570888695,-0.7660791425553581,0.5800106923853017,0.943178666235318,0,52.36596403,84.6,4.775000095,38.11399841,57.11100006,Asia,0,0,0,1,0,0,0,0,0,0,Japan_2000
Jordan_2001,4.0,2001,400.0,0.9779231398201145,0.8242027800490597,0.964022894521668,0.9370400654129191,0.9206868356500408,0.874897792313982,0.3630417007358953,0.9304987735077678,0.9174161896974653,0.8896156991005724,0.9574816026165167,11.0,Jordan,9.556827473426,10.23271731690623,8.624229979466119,10.087268993839835,9.804928131416839,9.633812457221081,9.154688569472965,3.798767967145791,9.736481861738536,9.59958932238193,9.308692676249146,10.018822724161533,100.00000000000001,28.49075975359343,22.05681040383299,20.319986310746067,0,1,0,balanced,6066.9310909999995,36.4,94.49698639,-2.0,-0.4351126719151041,-0.2562247140135684,0.2888223178514297,-1.0089341214686418,0,16.66756523,73.453,4.309999943,22.04599953,73.64299774,MENA,0,0,0,0,0,1,0,0,0,0,Jordan_2001
Kyrgyzstan_2003,4.0,2003,417.0,0.87535953978907,0.3691275167785235,0.7449664429530202,0.6270373921380633,0.5551294343240653,0.5455417066155321,0.3451581975071908,0.6558005752636625,0.6241610738255033,0.8015340364333653,0.610738255033557,11.0,Kyrgyzstan,6.754554170661554,12.95954577714691,5.464868701206529,11.029098651525903,9.283179559971611,8.218594748048261,8.07665010645848,5.110007097232079,9.70901348474095,9.240596167494676,11.866572036905605,9.041873669268984,99.99999999999999,27.026259758694106,18.79347054648687,23.988644428672814,0,2,0,balanced,1906.556261,28.7,90.67353821,-3.0,-0.8905423427559389,-1.1692198534953784,0.012491337316730522,-1.1716101871106386,0,2.758810431,72.2,43.43099976,18.85499954,37.71500015,USSR+,0,0,0,0,0,0,0,0,0,1,Kyrgyzstan_2003
Mexico_1990,2.0,1990,484.0,0.7857609405617244,0.4683213585891574,0.6329196603527106,0.5382103200522534,0.5597648595689092,0.5996080992815154,0.32527759634225994,0.6603527106466361,0.5695623775310255,0.5983017635532332,0.6459830176355323,11.0,Mexico,6.384062704114958,12.30816451810927,7.335788827501534,9.914057704112953,8.430529977491304,8.768160425618989,9.392265193370166,5.095150399017802,10.343769183548188,8.921628811131574,9.371802741968487,10.118682218129733,99.99999999999999,28.65766318804993,21.199099652138326,22.22222222222222,0,1,0,balanced,6037.003546,48.9,86.61976624,0.0,-0.43838879306412665,1.2259102526776817,-0.280485768844593,-0.6835819901846485,0,0.074891743,73.831,33.50799942,24.74200058,41.75, South America,0,1,0,0,0,0,0,0,0,0,Mexico_1990
Mexico_1995,3.0,1995,484.0,0.8911007025761124,0.5187353629976581,0.7166276346604216,0.5597189695550351,0.6428571428571429,0.5983606557377049,0.4718969555035129,0.6217798594847775,0.5960187353629977,0.5784543325526932,0.6311475409836066,11.0,Mexico,6.826697892271664,13.053173241852484,7.598627787307032,10.497427101200685,8.198970840480273,9.41680960548885,8.765008576329329,6.912521440823327,9.108061749571181,8.730703259005145,8.473413379073754,9.245283018867925,99.99999999999997,26.603773584905653,23.927958833619208,23.55060034305317,0,1,0,balanced,8390.342787,50.3,93.20426941,4.0,-0.1807724580702314,1.3919093689471016,0.195394152012588,-0.03287772761666192,0,0.732105653,75.374,30.24799919,24.56299973,45.18899918, South America,0,1,0,0,0,0,0,0,0,0,Mexico_1995
Mexico_1996,3.0,1996,484.0,0.8059602649006623,0.495364238410596,0.6754966887417219,0.5337748344370861,0.5701986754966888,0.5602649006622517,0.4562913907284768,0.5847682119205299,0.5602649006622517,0.5350993377483444,0.5794701986754967,11.0,Mexico,6.356953642384106,12.678404000416712,7.792478383164914,10.626106886133972,8.396707990415669,8.969684342118972,8.813418064381706,7.177831024065007,9.198874882800293,8.813418064381706,8.417543494113971,9.115532868007085,100.0,26.825711011563705,23.939993749348893,23.304510886550684,0,1,0,balanced,8677.717168000001,48.2,94.89244843,4.0,-0.14931403783290886,1.1429106945429723,0.3174034331517689,-0.03287772761666192,0,1.06795612,75.665,28.034000399999996,24.88100052,47.08499908, South America,0,1,0,0,0,0,0,0,0,0,Mexico_1996
Morocco_2001,4.0,2001,504.0,0.9792166266986411,0.9232613908872902,0.9752198241406874,0.8904876099120703,0.903277378097522,0.8617106314948042,0.7338129496402878,0.9192645883293366,0.8105515587529976,0.9344524380495604,0.9536370903277378,11.0,Morocco,9.884892086330936,9.906194404010996,9.340126152353227,9.865760957464014,9.00857189066796,9.137958919618306,8.717451075529677,7.4235807860262,9.299692705806242,8.199902959728286,9.45333980268478,9.647420346110302,100.0,26.217046741064205,25.901665857997735,19.77195536147501,0,1,0,balanced,3854.1842590000006,40.6,59.78903961,-6.0,-0.677338577640012,0.24177263479469202,-2.21961522714586,-1.6596383840366287,0,16.35174584,70.682,40.27399826,20.47100067,39.25500107,MENA,0,0,0,0,0,1,0,0,0,0,Morocco_2001
Nigeria_1990,2.0,1990,566.0,0.926073926073926,0.6443556443556444,0.8811188811188811,0.7362637362637363,0.8011988011988012,0.8241758241758241,0.5124875124875125,0.9140859140859141,0.8391608391608392,0.8301698301698301,0.8631368631368631,11.0,Nigeria,8.772227772227772,10.556884181756065,7.3454048513836705,10.044414075845577,8.393121512356224,9.133356109782484,9.395285275025623,5.842159207379569,10.4202254868466,9.566108643662453,9.463614622480355,9.83942603348138,100.0,29.38161940553468,22.320920168545722,20.60129825760164,0,1,0,balanced,1965.827996,38.7,82.12844849,-5.0,-0.8840539594096684,0.016488119857622163,-0.605085496452357,-1.496962318394632,0,0.0,47.191,62.40000153,8.607000351,28.99399948,Africa,0,0,1,0,0,0,0,0,0,0,Nigeria_1990
Nigeria_1995,3.0,1995,566.0,0.9749498997995992,0.5761523046092184,0.8461923847695391,0.7389779559118237,0.6142284569138277,0.7089178356713427,0.45541082164328656,0.8496993987975952,0.8532064128256514,0.7925851703406813,0.8181362725450901,11.0,Nigeria,8.228456913827655,11.848514369215783,7.001948368241598,10.28373112518266,8.980759863614225,7.464685825621043,8.615440818314662,5.534583536288359,10.326351680467608,10.368972235752558,9.632245494398441,9.942766682903068,100.00000000000003,29.31076473453483,20.001217730150998,22.132245494398443,0,1,0,balanced,2005.079214,45.0,82.12844849,-6.0,-0.8797571904827585,0.7634841430700119,-0.605085496452357,-1.6596383840366287,0,0.012035758999999998,47.013999999999996,62.51800156,8.267999649,29.21299934,Africa,0,0,1,0,0,0,0,0,0,0,Nigeria_1995
Romania_1998,3.0,1998,642.0,0.976594027441485,0.4463276836158192,0.9192897497982244,0.7005649717514124,0.6795803066989508,0.5851493139628733,0.5318805488297014,0.7885391444713479,0.5068603712671509,0.6682808716707022,0.8506860371267151,11.0,Romania,7.653753026634384,12.759675208267424,5.8314879257618895,12.010966993567436,9.153221554360433,8.879046715174521,7.64525993883792,6.949277654750606,10.302646841716754,6.6223768849520175,8.731414109459031,11.114626173151954,99.99999999999997,24.570283665506693,21.65981229568702,24.77064220183486,0,1,0,balanced,5577.17985,31.1,93.0247879,8.0,-0.4887249678251147,-0.8846499398906581,0.18242253599708202,0.6178265349513247,0,2.863112456,73.7,38.67900085,34.50799942,26.81299973,USSR+,0,0,0,0,0,0,0,0,0,1,Romania_1998
Saudi Arabia_2003,4.0,2003,682.0,0.8635153129161118,0.5572569906790945,0.6657789613848203,0.6324900133155792,0.6504660452729694,0.3841544607190413,0.4833555259653795,0.5912117177097204,0.5892143808255659,0.5972037283621837,0.729693741677763,11.0,Saudi Arabia,6.744340878828229,12.803553800592299,8.26258637709773,9.871668311944719,9.378084896347483,9.64461994076999,5.695952615992103,7.166831194471866,8.76604146100691,8.736426456071076,8.854886475814412,10.819348469891413,100.0,23.198420533070088,25.074037512339586,22.675222112537018,0,1,0,balanced,35550.27719,39.816463414634136,39.70013046,-10.0,2.7923827240115133,0.14886807712648295,-3.6714952323018326,-2.310342646604615,0,32.08941133,74.65,5.013000011,23.49900055,71.48699951,MENA,0,0,0,0,0,1,0,0,0,0,Saudi Arabia_2003
Singapore_2002,4.0,2002,702.0,0.8227513227513228,0.4775132275132275,0.6587301587301587,0.4226190476190476,0.498015873015873,0.45436507936507936,0.29828042328042326,0.6448412698412699,0.5211640211640212,0.6362433862433863,0.5701058201058201,11.0,Singapore,6.00462962962963,13.701949553915629,7.952417667143958,10.970371186253992,7.038220068289459,8.293864963101663,7.566912655578808,4.967507434739509,10.739068179314904,8.679369974666812,10.595880603590704,9.49443771340456,100.0,26.985350809560526,21.21379006498513,24.67232074016962,0,1,0,balanced,42374.00148,40.07073170731707,99.78926849,-2.0,3.5393650595678765,0.17901687132698424,0.6713099136318531,-1.0089341214686418,0,80.19446128,80.6,0.936999977,28.52099991,70.54199982,Asia,0,0,0,1,0,0,0,0,0,0,Singapore_2002
Slovenia_1995,3.0,1995,705.0,0.8857994041708044,0.7298907646474677,0.9275074478649454,0.7715988083416088,0.7706057596822244,0.7835153922542205,0.4746772591857001,0.8967229394240318,0.6484607745779544,0.9096325719960278,0.871896722939424,11.0,Slovenia,8.670307845084409,10.2164700492498,8.418279693047761,10.697514603138245,8.899324246936205,8.887870805176956,9.036765548047189,5.474745160920857,10.342457908601535,7.479097468789372,10.491352651471766,10.056121864620318,100.00000000000001,26.858320925438097,22.780895659145575,20.913984652388045,0,1,0,balanced,13555.141169999999,29.2,93.84632111,10.0,0.3846098749271456,-1.1099344548277283,0.24179697152588225,0.943178666235318,0,1.370895498,77.8,10.21899986,51.33900070000001,38.44200134,USSR+,0,0,0,0,0,0,0,0,0,1,Slovenia_1995
South Africa_2001,4.0,2001,710.0,0.8786666666666667,0.43266666666666664,0.8153333333333334,0.444,0.613,0.5103333333333333,0.351,0.7386666666666667,0.637,0.656,0.624,11.0,South Africa,6.700666666666667,13.113123072331112,6.4570689483633465,12.167943488210128,6.626206347627102,9.148343448413094,7.616157596259078,5.23828474778629,11.023778728484727,9.506516764501043,9.79007063973734,9.312506218286737,100.0,28.14645308924485,20.843697144562732,25.28106656054124,0,1,0,balanced,7832.226554999999,57.8,84.36528778,9.0,-0.24186856171882673,2.281190348961852,-0.44342304800137733,0.7805026005933213,0,23.25535972,58.333,12.95300007,34.81100082,52.23600006,Africa,0,0,1,0,0,0,0,0,0,0,South Africa_2001
South Korea_2001,4.0,2001,410.0,0.9558333333333333,0.8933333333333333,0.97,0.675,0.8308333333333333,0.8083333333333333,0.8516666666666667,0.9183333333333333,0.9133333333333333,0.7908333333333334,0.9583333333333334,11.0,South Korea,9.565833333333334,9.992159595783603,9.338792577750676,10.140256119871067,7.056363794755641,8.685425559717745,8.45021343322589,8.903214565728721,9.600139384963846,9.547870023521213,8.267270668176671,10.018294276504921,99.99999999999997,27.59822284171095,26.92743270319714,20.13241571565467,0,1,0,balanced,19184.3861,31.7,99.62476349,-10.0,1.000834438893258,-0.8135074614894784,0.6594206906548966,-2.310342646604615,0,60.87591444,80.1,9.019000053,33.70800018,57.27299881,Asia,0,0,0,1,0,0,0,0,0,0,South Korea_2001
Tanzania_2001,4.0,2001,834.0,0.8855678906917165,0.5465414175918019,0.7933390264731,0.6421861656703672,0.605465414175918,0.6046114432109309,0.5046968403074296,0.6763450042698548,0.5448334756618275,0.48590947907771137,0.6524338172502135,11.0,Tanzania,6.941929974380872,12.756796653954975,7.8730471152663295,11.428219953253782,9.250830360437938,8.72186000738098,8.709558371263377,7.27026694550375,9.742895805142082,7.848443843031122,6.999630950916472,9.398449993849182,99.99999999999999,26.30089801943658,23.865174068151063,24.18501660720876,0,1,0,balanced,1239.142615,37.3,54.94683075,-1.0,-0.9636030619297594,-0.14951099641179852,-2.569574807933904,-0.8462580558266452,0,0.784690751,54.062,73.36000061,6.614999771,20.02499962,Africa,0,0,1,0,0,0,0,0,0,0,Tanzania_2001
Turkey_1990,2.0,1990,792.0,0.8961165048543689,0.7757281553398059,0.8271844660194175,0.8679611650485437,0.8786407766990292,0.8077669902912621,0.441747572815534,0.8601941747572815,0.7815533980582524,0.487378640776699,0.8990291262135922,11.0,Turkey,8.523300970873786,10.513725936894863,9.101264380908988,9.704977787902951,10.183392185898168,10.308691194896914,9.477161407905228,5.182822644948173,10.092265633899078,9.169609294908303,5.718191137942819,10.54789839389452,100.0,28.73903633671261,24.592778220754077,20.218703724797813,0,1,0,balanced,6146.258388,43.5,94.87230682,9.0,-0.42642883782859625,0.5856279470670619,0.3159477443131022,0.7805026005933213,0,0.058991094,68.027,34.51699829,25.49099922,39.99300003,Europe,0,0,0,0,1,0,0,0,0,0,Turkey_1990
Turkey_1996,3.0,1996,792.0,0.8966963817514421,0.8474042999475616,0.9323544834819087,0.8405873099108547,0.8175144205558469,0.8348190875721028,0.3025694808599895,0.8841111693759832,0.7697954902988988,0.34609334032511796,0.8846355532249607,11.0,Turkey,8.356581017304666,10.730421686746988,10.140562248995986,11.157128514056227,10.0589859437751,9.782881526104418,9.98995983935743,3.6207329317269084,10.579819277108435,9.211847389558233,4.141566265060241,10.586094377510042,99.99999999999999,29.781626506024097,23.544176706827315,21.887550200803215,0,1,0,balanced,8015.980826999999,41.3,93.95210266,8.0,-0.2217532713827016,0.3247721929294015,0.24944209133864176,0.6178265349513247,0,1.356942897,71.58800000000001,30.92399979,28.20800018,40.86899948,Europe,0,0,0,0,1,0,0,0,0,0,Turkey_1996
Turkey_2001,4.0,2001,792.0,0.9691267274331079,0.9179653043222582,0.9764775066157013,0.934725080858571,0.9179653043222582,0.902675683622464,0.5633637165539547,0.9306086445163188,0.8917965304322258,0.4857394883857689,0.9556012937371361,11.0,Turkey,9.446045280799765,10.259602813920187,9.717985432360082,10.337421403224802,9.8954118159746,9.717985432360082,9.556122766606487,5.964016684305546,9.851833405964017,9.440951254435658,5.1422523812488325,10.1164166095997,100.0,28.84890742700616,25.39998754902571,20.59702421714499,0,1,0,balanced,9222.911525,41.3,93.95210266,7.0,-0.0896324714600083,0.3247721929294015,0.24944209133864176,0.455150469309328,0,30.49142788,74.26,27.35000038,26.89699936,45.75400162,Europe,0,0,0,0,1,0,0,0,0,0,Turkey_2001
Uganda_2001,4.0,2001,800.0,0.9261477045908184,0.6077844311377245,0.812375249500998,0.5319361277445109,0.5439121756487026,0.4231536926147705,0.44011976047904194,0.6077844311377245,0.5558882235528942,0.5159680638722555,0.5788423153692615,11.0,Uganda,6.5439121756487015,14.152813786792743,9.287784047582736,12.414213817294497,8.128717401250572,8.311727924355653,6.466371816379443,6.725636724111637,9.287784047582736,8.494738447460731,7.884703370443802,8.845508616745464,100.00000000000003,24.24889431142291,24.325148696050025,26.56702760408724,0,1,0,balanced,865.787282,43.0,59.81589889999999,-4.0,-1.0044736813722055,0.5263425483994119,-2.217674033335261,-1.3342862527526353,0,1.1407009940000001,50.417,63.48699951,9.786999702000001,26.72599983,Africa,0,0,1,0,0,0,0,0,0,0,Uganda_2001
United States_1999,4.0,1999,840.0,0.8866666666666667,0.38166666666666665,0.7183333333333334,0.4558333333333333,0.67,0.61,0.36833333333333335,0.84,0.5475,0.8125,0.6175,11.0,United States,6.908333333333333,12.834740651387214,5.524728588661038,10.398069963811823,6.598311218335344,9.698431845597105,8.829915560916767,5.331724969843185,12.159227985524728,7.925211097708082,11.761158021712907,8.938480096501811,100.0,28.914354644149576,20.554885404101327,23.232810615199035,0,1,0,balanced,34620.9289,40.8,100.0,10.0,2.690648432485864,0.26548679426175154,0.6865400519903279,0.943178666235318,0,30.85645141,79.4,3.410000086,32.11299896,64.47699738,North America,0,0,0,0,0,0,1,0,0,0,United States_1999
Uruguay_1996,3.0,1996,858.0,0.894,0.576,0.771,0.555,0.495,0.487,0.363,0.611,0.502,0.516,0.591,11.0,Uruguay,6.361000000000001,14.054393963213329,9.055180003144159,12.120735733375254,8.725043232196196,7.781795315202011,7.656028926269453,5.706649897814808,9.605407954724098,7.891840905517999,8.111932086149976,9.290991982392704,99.99999999999997,25.153277786511552,22.543625216160976,26.175129696588584,0,1,0,balanced,8958.114964,42.4,94.40300751,10.0,-0.11861933335197265,0.4552000699982317,0.2820302090435224,0.943178666235318,0,2.41995545,77.681,6.372000217,32.95399857,60.67300034,South America,0,0,0,0,0,0,0,0,1,0,Uruguay_1996
Venezuela_1996,3.0,1996,862.0,0.9033333333333333,0.7475,0.8716666666666667,0.7975,0.7016666666666667,0.7316666666666667,0.6325,0.8,0.7783333333333333,0.7258333333333333,0.7766666666666666,11.0,Venezuela,8.466666666666667,10.669291338582678,8.828740157480315,10.295275590551181,9.419291338582676,8.28740157480315,8.641732283464568,7.470472440944881,9.448818897637794,9.192913385826772,8.572834645669293,9.173228346456693,100.0,27.283464566929133,24.586614173228345,20.96456692913386,0,1,0,balanced,11122.521509999999,47.8,80.33007049999999,8.0,0.11831483750746587,1.0954823756088516,-0.7350591563408828,0.6178265349513247,0,2.568200355,74.65100000000001,19.90200043,27.35499954,52.74499893,South America,0,0,0,0,0,0,0,0,1,0,Venezuela_1996
Viet Nam_2001,4.0,2001,704.0,0.757,0.545,0.821,0.674,0.626,0.577,0.42,0.679,0.668,0.593,0.823,11.0,Viet Nam,7.183,10.53877210079354,7.587359042182933,11.429764722260893,9.383266044828067,8.715021578727551,8.032855352916608,5.847139078379507,9.452874843380204,9.299735486565503,8.255603508283446,11.457608241681747,100.0,26.785465682862316,22.14951969928999,21.968536823054436,0,1,0,balanced,2182.483468,35.4,104.4315872,-7.0,-0.8603370266017594,-0.3747955113488684,1.0068228905826428,-1.8223144496786252,0,1.542021505,78.36399999999999,63.06499863,16.48200035,20.45299911,Asia,0,0,0,1,0,0,0,0,0,0,Viet Nam_2001
Argentina_1995,3.0,1995,32.0,0.7497683039851715,0.3113994439295644,0.6014828544949027,0.3373493975903614,0.39202965708989806,0.5254865616311399,0.18164967562557924,0.535681186283596,0.4569045412418906,0.4402224281742354,0.5746061167747915,11.0,Argentina,5.106580166821131,14.682395644283119,6.098003629764065,11.778584392014519,6.60617059891107,7.6769509981851165,10.29038112522686,3.5571687840290376,10.490018148820326,8.94736842105263,8.620689655172413,11.252268602540832,99.99999999999999,29.727767695099814,17.33212341197822,26.460980036297638,1,2,0,achievement,10129.77779,48.9,98.6809082,7.0,0.009640748247843734,1.2259102526776817,0.591205706303111,0.455150469309328,1,1.158443077,76.377,0.788999975,34.61299896,64.59799957,South America,0,0,0,0,0,0,0,0,1,0,Argentina_1995
Australia_1995,3.0,1995,36.0,0.59716796875,0.23583984375,0.5869140625,0.27734375,0.34716796875,0.5283203125,0.13037109375,0.71826171875,0.37939453125,0.73828125,0.45751953125,11.0,Australia,4.99658203125,11.951529365777388,4.720023453532688,11.746310954754227,5.550669402912147,6.948109058927001,10.573634320336167,2.609205511580182,14.375061076908043,7.593081207856933,14.775725593667547,9.15665005374768,100.0,32.54177660510114,14.27733802403987,23.697840320531615,1,2,0,achievement,20890.17053,32.6,100.0,10.0,1.1875639700591605,-0.7067937438877081,0.6865400519903279,0.943178666235318,1,12.40267674,80.8,5.948999882000001,31.3029995,62.74700165,Oceania,0,0,0,0,0,0,0,1,0,0,Australia_1995
Bangladesh_1996,3.0,1996,50.0,0.8655737704918033,0.14295081967213114,0.7731147540983606,0.6990163934426229,0.13901639344262295,0.4340983606557377,0.10426229508196722,0.5363934426229509,0.5095081967213114,0.6216393442622951,0.5901639344262295,11.0,Bangladesh,5.415737704918032,15.982564475118055,2.639544739072527,14.27533599709408,12.907131613996853,2.566896718731081,8.015498244339508,1.9251725390483112,9.904346773217098,9.407918634217218,11.47838721394842,10.897203051216856,100.0,27.327763651773825,7.13161399685192,30.257900472212135,1,0,-1,achievement,1092.017687,32.9,45.63055038,6.0,-0.9797085957504998,-0.6712225046871184,-3.242887683741801,0.2924744036673314,1,0.003298435,62.883,59.81600189,10.41600037,29.76799965,Asia,0,0,0,1,0,0,0,0,0,0,Bangladesh_1996
Bangladesh_2002,4.0,2002,50.0,0.9233333333333333,0.3913333333333333,0.9733333333333334,0.9113333333333333,0.37066666666666664,0.8373333333333334,0.284,0.88,0.8793333333333333,0.8706666666666667,0.9053333333333333,11.0,Bangladesh,8.226666666666667,11.223662884927068,4.756888168557536,11.831442463533225,11.077795786061587,4.5056726094003245,10.178282009724473,3.452188006482982,10.696920583468396,10.688816855753647,10.583468395461914,11.004862236628849,100.00000000000001,31.564019448946514,12.714748784440843,23.055105348460295,1,2,0,achievement,1420.4312519999999,33.4,45.63055038,6.0,-0.9437576807682515,-0.6119371060194684,-3.242887683741801,0.2924744036673314,1,0.786965411,66.947,53.56100082,12.20100021,34.23699951,Asia,0,0,0,1,0,0,0,0,0,0,Bangladesh_2002
Brazil_1991,2.0,1991,76.0,0.8153759820426487,0.39337822671156003,0.7109988776655444,0.5824915824915825,0.45173961840628507,0.5112233445566778,0.1745230078563412,0.5331088664421998,0.601010101010101,0.45454545454545453,0.6565656565656566,11.0,Brazil,5.884960718294051,13.855249356345952,6.684466482311434,12.081624868885289,9.897968913893394,7.676170496805569,8.686945742347667,2.965576427958425,9.05883474778297,10.2126442261848,7.723848574425479,11.156670163059026,100.0,27.958424716315438,17.32621340707543,25.936874225231243,1,2,0,achievement,6892.126837000001,60.5,112.22960659999998,8.0,-0.3447797951103385,2.601331501767162,1.570406924048111,0.6178265349513247,1,0.004408574,69.641,29.96299934,25.89900017,44.13600159,South America,0,0,0,0,0,0,0,0,1,0,Brazil_1991
Canada_2000,4.0,2000,124.0,0.749352667011911,0.29777317452097357,0.663386846193682,0.36923873640600724,0.47643707923355777,0.48990160538581046,0.2641118591403418,0.7384774728120145,0.43552563438632835,0.6986017607457276,0.5390989124805801,11.0,Canada,5.721905748316934,13.096207801611007,5.204090867951851,11.59380939451534,6.453072676260295,8.32654538872296,8.561860801882522,4.615802335052946,12.90614535252059,7.611548556430446,12.209249705855733,9.421667119196309,100.0,29.079554710833555,18.146438591727758,24.690017196126348,1,2,0,achievement,29185.35506,33.3,97.30352020000001,10.0,2.095624737281398,-0.6237941857529986,0.49165813596917035,0.943178666235318,1,28.39362459,81.9,4.478000164,32.01699829,63.50500107,North America,0,0,0,0,0,0,1,0,0,0,Canada_2000
Colombia_1998,3.0,1998,170.0,0.6562082777036048,0.24332443257676903,0.37082777036048065,0.29339118825100136,0.11181575433911882,0.2540053404539386,0.0540720961281709,0.4425901201602136,0.20126835781041388,0.12149532710280374,0.23965287049399198,11.0,Colombia,2.9886515353805074,21.956667411212866,8.141612687067232,12.407862407862408,9.816841635023453,3.7413446504355594,8.498994862631227,1.8092472637927186,14.80902389993299,6.734420370784007,4.0652222470404284,8.01876256421711,100.0,30.042439133348225,13.69220460129551,34.36452981907527,1,0,-1,achievement,6528.900174,56.9,92.20902252,7.0,-0.38454164502295923,2.174476631360082,0.12346495720189563,0.455150469309328,1,4.588433897,74.345,31.29100037,19.79599953,48.90800095,South America,0,0,0,0,0,0,0,0,1,0,Colombia_1998
Dominican Rep._1996,3.0,1996,214.0,0.8489208633093526,0.2709832134292566,0.6546762589928058,0.4628297362110312,0.6330935251798561,0.6282973621103117,0.23501199040767387,0.6714628297362111,0.592326139088729,0.5707434052757794,0.7937649880095923,11.0,Dominican Rep.,6.3621103117506,13.343384847342632,4.259329061439879,10.29023746701847,7.274783264229175,9.950998869204671,9.875612514134941,3.6939313984168867,10.554089709762533,9.310214851111947,8.970976253298153,12.476441764040707,99.99999999999997,29.739917075009423,17.904259329061436,23.6336223143611,1,2,0,achievement,5039.375683,47.4,61.99568176,8.0,-0.5475975417546227,1.0480540566747318,-2.0601352079871607,0.6178265349513247,1,1.02809613,72.863,28.28499985,28.29500008,43.42399979,South America,0,0,0,0,0,0,0,0,1,0,Dominican Rep._1996
Finland_1996,3.0,1996,246.0,0.5947315096251267,0.2695035460992908,0.668693009118541,0.2573454913880446,0.36879432624113473,0.49037487335359675,0.1469098277608916,0.6028368794326241,0.3576494427558257,0.8105369807497467,0.513677811550152,11.0,Finland,5.0810536980749745,11.704885343968098,5.304087736789631,13.160518444666003,5.06480558325025,7.258225324027916,9.651046859421735,2.8913260219341974,11.864406779661017,7.038883349950149,15.952143569292124,10.109670987038886,100.0,28.554336989032898,15.453639082751744,24.8654037886341,1,2,0,achievement,20053.31122,27.7,101.23879240000001,10.0,1.0959543012992452,-1.2877906508306785,0.7760709420286847,0.943178666235318,1,29.23903329,80.54,9.904999733,39.14199829,50.95299911,Europe,0,0,0,0,1,0,0,0,0,0,Finland_1996
Germany_1997,3.0,1997,276.0,0.6816386969397829,0.16090819348469892,0.6994076999012833,0.16337611056268508,0.3050345508390918,0.5957551826258638,0.10612043435340572,0.5394866732477789,0.33070088845014806,0.5518262586377097,0.650542941757157,11.0,Germany,4.784797630799606,14.245925314627602,3.3629048896224463,14.617289044769958,3.414483185475551,6.3750773674437795,12.451000618939549,2.2178667216835155,11.275015473488754,6.9114916443160705,11.53290695275428,13.59603878687848,99.99999999999999,30.63750773674437,11.955848978749742,28.86321435939756,1,0,-1,achievement,24633.18915,29.2,98.55899811,10.0,1.5973063148511357,-1.1099344548277283,0.5823949331159683,0.943178666235318,1,10.15461792,80.3,3.233999968,46.49100113,50.27399826,Europe,0,0,0,0,1,0,0,0,0,0,Germany_1997
Mexico_2000,4.0,2000,484.0,0.786970684039088,0.28729641693811075,0.6462540716612378,0.5061889250814332,0.4201954397394137,0.4514657980456026,0.13615635179153093,0.5498371335504886,0.5335504885993485,0.43517915309446253,0.48403908794788275,11.0,Mexico,5.2371335504886,15.026744619977608,5.485756934942157,12.339843264087573,9.665381266326657,8.023385993282746,8.620475183480531,2.5998258489861916,10.498818260977732,10.187834307749718,8.309491230252517,9.242443089936557,100.0,29.307127752207982,16.108968777211093,27.366587884065183,1,2,0,achievement,10799.05835,51.4,95.46411133,8.0,0.0829058355527223,1.522337246015932,0.3587190629852318,0.6178265349513247,1,13.83987933,76.768,22.95400047,29.38199997,47.66400146, South America,0,1,0,0,0,0,0,0,0,0,Mexico_2000
New Zealand_1998,3.0,1998,554.0,0.787676935886761,0.35387177352206495,0.720233139050791,0.3638634471273938,0.5587010824313072,0.7252289758534555,0.32306411323896755,0.8251457119067444,0.511240632805995,0.8368026644462948,0.6086594504579517,11.0,New Zealand,6.614487926727728,11.908358509566968,5.349949647532728,10.888721047331318,5.501007049345417,8.446626384692848,10.96424974823766,4.884189325276938,12.47482376636455,7.729103726082576,12.651057401812688,9.201913393756293,99.99999999999997,31.168177240684784,18.680765357502516,22.797079556898286,1,2,0,achievement,19330.27396,40.51158536585367,103.457962,10.0,1.0168045528311584,0.23128924112785257,0.9364563540105969,0.943178666235318,1,20.87752189,80.8,10.85900021,33.17599869,55.96500015,Oceania,0,0,0,0,0,0,0,1,0,0,New Zealand_1998
Norway_1996,3.0,1996,578.0,0.5838509316770186,0.2377994676131322,0.6929902395740906,0.23336291038154391,0.4143744454303461,0.4968944099378882,0.10736468500443656,0.743566992014197,0.42058562555456963,0.7009760425909495,0.46938775510204084,11.0,Norway,5.101153504880212,11.445468777178641,4.661680292224736,13.584971299356413,4.574708644981737,8.123151852496088,9.740824491215864,2.104713863280571,14.576448077926596,8.244912158636284,13.741520264393811,9.201600278309273,100.00000000000001,32.56218472777874,14.889546008001394,25.030440076535054,1,2,0,achievement,26785.210280000003,27.6,99.98056793,10.0,1.8328846737555,-1.2996477305642082,0.6851356435338447,0.943178666235318,1,28.71352126,81.07,7.323999882000001,34.02299881,58.65299988,Europe,0,0,0,0,1,0,0,0,0,0,Norway_1996
Peru_1996,3.0,1996,604.0,0.7720891824938068,0.17258464079273328,0.4929810074318745,0.523534269199009,0.28736581337737405,0.374896779521057,0.08505367464905036,0.3550784475639967,0.38480594549958713,0.2906688687035508,0.5334434351775392,11.0,Peru,4.272502064409579,18.071124855044452,4.039427908774642,11.538461538461538,12.253575570158484,6.72593737920371,8.77464244298415,1.9907228449942014,8.31078469269424,9.006571318129106,6.803247004252029,12.48550444530344,99.99999999999999,26.0919984538075,12.756088132972554,29.609586393505992,1,0,-1,achievement,4673.595535,53.7,88.91474152,1.0,-0.5876389176428024,1.7950500798871223,-0.11462167455855597,-0.5209059245426518,1,0.822271558,71.075,38.33000183,18.43099976,43.23899841,South America,0,0,0,0,0,0,0,0,1,0,Peru_1996
Peru_2001,4.0,2001,604.0,0.7341772151898734,0.16722185209860094,0.46768820786142573,0.5882744836775483,0.36175882744836774,0.4010659560293138,0.11658894070619587,0.46635576282478347,0.4823451032644903,0.33111259160559625,0.6122584943371085,11.0,Peru,4.7288474350433045,15.525500140884757,3.536207382361228,9.89010989010989,12.440123978585516,7.6500422654268805,8.481262327416172,2.465483234714004,9.861932938856016,10.200056353902507,7.001972386587771,12.947309101155255,100.0,28.543251620174697,13.651732882502113,25.41561003099465,1,2,0,achievement,5283.029045,51.5,96.85089874,9.0,-0.5209251925098498,1.534194325749462,0.4589459541990364,0.7805026005933213,1,6.8286021560000005,73.653,37.45899963,18.3920002,44.14799881,South America,0,0,0,0,0,0,0,0,1,0,Peru_2001
Philippines_1996,3.0,1996,608.0,0.7525,0.3408333333333333,0.7366666666666667,0.6008333333333333,0.4141666666666667,0.49166666666666664,0.075,0.6141666666666666,0.5908333333333333,0.4191666666666667,0.5583333333333333,11.0,Philippines,5.594166666666666,13.451511991657977,6.092656040518397,13.1684790704603,10.740354535974975,7.40354535974974,8.78891702666468,1.340682258304782,10.97869804856249,10.561596901534337,7.4929241769700585,9.980634589602264,100.0,30.32921197676151,14.83688365857292,26.619991062118277,1,2,0,achievement,3041.416499,42.9,89.23535156,8.0,-0.7663109824189446,0.5144854686658817,-0.09145031651952361,0.6178265349513247,1,1.342304067,69.47800000000001,48.51399994,19.09900093,32.38700104,Asia,0,0,0,1,0,0,0,0,0,0,Philippines_1996
Philippines_2001,4.0,2001,608.0,0.7908333333333334,0.36666666666666664,0.7608333333333334,0.5508333333333333,0.48583333333333334,0.3125,0.10333333333333333,0.545,0.5758333333333333,0.4575,0.5891666666666666,11.0,Philippines,5.538333333333333,14.279265723743606,6.620523623232019,13.73758651820644,9.945832079446284,8.772193800782425,5.642491724345471,1.865783930183569,9.840505567258502,10.39723141739392,8.26060788444177,10.637977730965995,100.00000000000001,25.880228708997894,17.258501354198014,28.016852241950048,1,2,0,achievement,3449.527826,42.8,100.3427963,8.0,-0.7216356791309411,0.5026283889323515,0.7113148712747016,0.6178265349513247,1,15.26280666,70.513,44.94100189,18.33099937,36.72700119,Asia,0,0,0,1,0,0,0,0,0,0,Philippines_2001
Puerto Rico_1995,3.0,1995,630.0,0.738831615120275,0.45962199312714774,0.7302405498281787,0.5618556701030928,0.5807560137457045,0.5575601374570447,0.11855670103092783,0.6692439862542955,0.6331615120274914,0.563573883161512,0.7259450171821306,11.0,Puerto Rico,6.3393470790378,11.654695758232824,7.250304919365767,11.519176040113836,8.862989564981705,9.161132944843475,8.795229705922212,1.870172110042011,10.556986041469035,9.987803225369293,8.890093508605503,11.451416181054345,100.0,29.34001897276054,18.281609974251253,23.17387179834666,1,2,0,achievement,18976.46391,40.36585365853657,76.23190308,1.5549738219895288,0.9780735246916388,0.2140097163942298,-1.0312448422062415,-0.43062496664709354,1,7.778534551,78.952,4.618999958,26.28499985,69.09600067,North America,0,0,0,0,0,0,1,0,0,0,Puerto Rico_1995
Puerto Rico_2001,4.0,2001,630.0,0.7666666666666667,0.20972222222222223,0.6930555555555555,0.6027777777777777,0.5666666666666667,0.5305555555555556,0.26805555555555555,0.5319444444444444,0.5444444444444444,0.5458333333333333,0.7277777777777777,11.0,Puerto Rico,5.9875,12.8044537230341,3.5026675945256325,11.575040593829739,10.0672697749942,9.464161447459986,8.86105311992577,4.476919508234748,8.884249594061702,9.093017861285084,9.116214335421015,12.154952447228021,100.00000000000001,26.838320575272554,17.443748550220366,24.37949431686384,1,2,0,achievement,26665.39798,40.3030487804878,76.23190308,2.2408376963350785,1.8197690102440744,0.2065628919274405,-1.0312448422062415,-0.31905133000258273,1,42.84739074,81.4,3.302999973,27.1779995,69.51899719,North America,0,0,0,0,0,0,1,0,0,0,Puerto Rico_2001
South Korea_1990,2.0,1990,410.0,0.1806554756195044,0.07993605115907274,0.3501199040767386,0.07274180655475619,0.1111111111111111,0.14628297362110312,0.07833733013589128,0.23980815347721823,0.2246203037569944,0.07034372501998401,0.3053557154276579,11.0,South Korea,1.859312549960032,9.716251074806536,4.299226139294927,18.83061049011178,3.912295786758383,5.975924333619949,7.867583834909716,4.213241616509028,12.89767841788478,12.080825451418745,3.7833190025795354,16.42304385210662,100.0,32.84608770421324,14.488392089423904,28.546861564918316,1,0,0,achievement,8276.034959,31.7,99.02883911,-9.0,-0.19328555571354408,-0.8135074614894784,0.6163516177925223,-2.1476665809626185,1,0.186391342,75.9,14.92800045,40.02099991,45.05099869,Asia,0,0,0,1,0,0,0,0,0,0,South Korea_1990
Sweden_1996,3.0,1996,752.0,0.5926660059464817,0.22695738354806738,0.5312190287413281,0.1823587710604559,0.37561942517343905,0.5113974231912785,0.11298315163528246,0.736372646184341,0.5282457879088206,0.7106045589692765,0.33201189296333,11.0,Sweden,4.840436075322101,12.244062244062244,4.688779688779689,10.974610974610975,3.7674037674037675,7.76003276003276,10.565110565110565,2.334152334152334,15.212940212940213,10.913185913185913,14.680589680589682,6.859131859131859,100.0,36.69123669123669,14.782964782964783,23.218673218673217,1,2,0,achievement,23600.16552,25.3,104.27906800000001,10.0,1.4842228473738304,-1.5723605644353982,0.9957999139128338,0.943178666235318,1,28.12897927,81.52,4.2729997630000005,38.48600006,57.23899841,Europe,0,0,0,0,1,0,0,0,0,0,Sweden_1996
Switzerland_1996,3.0,1996,756.0,0.6914191419141914,0.3333333333333333,0.6831683168316832,0.4405940594059406,0.4306930693069307,0.6196369636963697,0.2854785478547855,0.5783828382838284,0.6072607260726073,0.7475247524752475,0.6410891089108911,11.0,Switzerland,6.058580858085809,11.412229334059647,5.501838485632575,11.27604521312815,7.272232057742068,7.1088111126242675,10.227427481955605,4.711970584229879,9.546506877298107,10.023151300558355,12.338281356393844,10.581506196377502,100.0,29.797085659812065,17.322620182486723,22.688274547187795,1,2,0,achievement,30535.454139999998,33.9,72.85516357,10.0,2.2434179541745287,-0.5526517073518185,-1.2752909743571832,0.943178666235318,1,9.385310344,82.0,5.188000202,35.25600052,59.55599976,Europe,0,0,0,0,1,0,0,0,0,0,Switzerland_1996
United States_1995,3.0,1995,840.0,0.8287937743190662,0.3352788586251621,0.7334630350194552,0.39234760051880674,0.506485084306096,0.5103761348897535,0.25616083009079116,0.7230869001297017,0.5006485084306096,0.7263294422827496,0.5479896238651103,11.0,United States,6.060959792477302,13.674299165418363,5.53177830087738,12.101433768457094,6.473357586133105,8.356516156644554,8.420714744275626,4.22640701904558,11.930237534774236,8.260218275197946,11.98373635780013,9.04130109137599,100.0,28.611170554247806,18.114701476567515,25.775732933875457,1,2,0,achievement,28782.17502,40.2,100.0,10.0,2.0514892542035916,0.1943443158605722,0.6865400519903279,0.943178666235318,1,12.71768704,78.9,3.803999901,32.85100174,63.34400177,North America,0,0,0,0,0,0,1,0,0,0,United States_1995
